id,user_id,created_at,age,budget_min,budget_max,travel_period,adventure_level,beach_person,culture_interest,party_animal,nature_lover,luxury_comfort,morning_person,planning_freak,foodie_level,sporty_spice,social_battery,leader_role,chaos_tolerance,talkative,city_trip,road_trip,backpacking,local_contact,sustainability,digital_detox,linked_buddy_id,is_active
1,1,2025-11-27 16:21:11.451004,20,500,2000,Flexibel,4,2,4,4,3,2,3,3,2,4,3,3,4,3,4,2,2,2,3,2,,true
2,3,2025-11-27 16:25:03.233253,20,500,3000,Lente (mrt-mei),4,4,2,4,2,4,4,3,4,4,3,3,3,3,4,2,2,4,3,1,,true
3,2,2025-11-27 16:25:10.071929,21,1000,2000,Lente (mrt-mei),4,2,2,4,4,4,2,3,4,4,3,3,2,3,3,2,2,2,3,2,,true
4,4,2025-11-27 16:28:11.230483,20,500,2000,Zomer (jun-aug),4,4,2,3,4,4,4,3,5,4,3,3,3,3,3,2,2,4,3,3,17,true
5,5,2025-11-27 17:45:31.99844,21,2000,3500,Zomer (jun-aug),4,5,1,4,5,5,2,2,4,4,3,3,3,3,4,3,2,3,3,2,,true
6,8,2025-11-27 17:47:46.413182,50,1500,9000,Flexibel,1,1,4,3,1,5,4,5,2,1,3,3,5,3,4,2,4,1,3,4,,true
7,6,2025-11-27 17:49:27.642466,33,1500,11500,Herfst (sep-nov),5,5,1,5,5,5,1,1,5,5,3,3,5,3,5,5,1,5,3,1,,true
8,7,2025-11-27 17:51:05.127227,18,500,2500,Lente (mrt-mei),1,5,4,1,3,5,3,1,5,1,3,3,4,3,5,3,1,2,3,1,,true
9,9,2025-11-27 17:52:16.929972,66,5000,15000,Flexibel,1,1,1,1,4,5,4,2,4,1,3,3,4,3,4,1,1,2,3,4,,true
10,10,2025-11-27 18:35:57.90794,23,500,3000,Lente (mrt-mei),4,2,3,4,5,4,1,2,4,5,3,3,2,3,5,4,1,2,3,3,,true
11,11,2025-11-28 15:33:20.431667,57,1000,10000,Lente (mrt-mei),5,2,3,1,3,5,4,2,4,3,3,3,3,3,3,1,2,3,3,2,,true
12,12,2025-11-28 18:58:10.050323,50,500,2000,Winter (dec-feb),4,1,5,1,5,5,5,1,5,4,3,3,2,3,3,2,1,4,3,1,,true
13,13,2025-11-29 09:50:38.362873,26,1000,5000,Zomer (jun-aug),3,4,2,4,4,4,4,4,5,4,3,3,2,3,3,2,3,4,3,2,,true
14,14,2025-11-29 09:58:50.597839,55,1000,6000,Flexibel,1,2,2,2,2,5,4,1,5,2,3,3,2,3,4,1,1,2,3,3,,true
15,15,2025-11-29 14:37:46.454914,49,500,2000,Lente (mrt-mei),4,2,5,3,3,4,4,2,4,5,3,3,2,3,4,5,1,5,3,2,,true
16,16,2025-11-29 14:39:25.262688,51,500,2000,Zomer (jun-aug),2,1,1,4,2,5,5,1,5,4,3,3,1,3,3,4,2,2,3,4,,true
17,17,2025-11-29 18:08:34.382922,24,1000,3500,Flexibel,4,5,2,3,4,5,2,2,5,4,3,3,2,3,4,1,1,2,3,5,18,true
18,18,2025-11-30 17:04:18.367372,25,500,2500,Winter (dec-feb),4,1,3,3,3,5,1,3,4,4,3,3,3,3,4,3,1,2,3,4,17,true
19,19,2025-12-01 13:15:28.018347,20,500,1000,Flexibel,4,3,5,2,4,3,3,3,3,4,3,3,3,3,3,2,3,4,3,3,,true
20,20,2025-12-01 13:19:59.500604,21,0,500,Winter (dec-feb),3,3,3,3,3,3,3,3,3,3,3,3,3,3,3,3,3,3,3,3,,true
21,21,2025-12-01 20:38:46.779073,35,1500,3500,Lente (mrt-mei),5,1,2,5,5,5,4,2,4,4,3,3,4,3,2,4,4,4,3,4,,true
22,22,2025-12-02 10:33:06.346452,45,1000,3000,Flexibel,2,2,4,1,2,4,4,3,4,2,3,3,4,3,3,1,2,3,3,5,,true
25,25,2025-01-01 12:00:00,31,3000,4500,Flexibel,2,2,1,2,1,3,1,2,4,1,5,1,4,3,1,5,2,3,1,4,,true
26,26,2025-01-01 12:01:00,24,3000,4000,Flexibel,1,4,1,4,3,2,2,1,5,2,4,1,5,2,1,1,3,4,2,5,,true
27,27,2025-01-01 12:02:00,36,4500,5000,Flexibel,1,3,2,2,1,4,3,1,5,5,3,4,3,3,1,2,2,2,1,4,,true
28,28,2025-01-01 12:03:00,28,1000,5000,Herfst (sep-nov),2,4,4,4,5,1,3,4,4,5,5,2,3,5,3,2,1,1,4,1,,true
29,29,2025-01-01 12:04:00,25,1000,3500,Flexibel,1,4,5,2,1,4,3,4,4,5,1,5,1,3,5,2,2,4,2,1,,true
30,30,2025-01-01 12:05:00,46,4500,5000,Winter (dec-feb),3,3,1,1,4,3,3,1,5,2,4,4,3,4,5,4,2,5,2,5,,true
31,31,2025-01-01 12:06:00,19,3500,4500,Herfst (sep-nov),5,3,3,5,1,4,2,4,2,4,2,5,4,3,4,5,5,5,5,4,,true
32,32,2025-01-01 12:07:00,48,2500,4500,Zomer (jun-aug),2,3,4,2,3,2,1,5,1,5,2,1,2,3,5,1,4,1,5,1,,true
33,33,2025-01-01 12:08:00,33,3000,4500,Flexibel,3,5,4,5,2,2,1,2,4,1,3,2,4,5,4,5,1,1,1,1,,true
34,34,2025-01-01 12:09:00,39,4500,4500,Flexibel,1,2,4,4,3,2,4,1,5,1,3,1,3,3,5,3,4,2,2,3,,true
35,35,2025-01-01 12:10:00,28,1000,2500,Herfst (sep-nov),3,4,2,5,4,5,3,3,4,5,2,2,3,2,2,1,3,4,1,3,,true
36,36,2025-01-01 12:11:00,23,4500,4500,Lente (mrt-mei),5,3,4,1,3,3,4,4,3,4,5,2,2,5,1,4,1,2,3,3,,true
37,37,2025-01-01 12:12:00,49,3500,4500,Flexibel,3,5,4,4,3,5,3,5,4,1,1,4,5,5,2,1,1,1,4,4,,true
38,38,2025-01-01 12:13:00,35,4500,4500,Winter (dec-feb),5,3,3,2,1,5,4,4,5,3,1,4,4,2,1,3,2,3,5,1,,true
39,39,2025-01-01 12:14:00,45,3000,4500,Flexibel,5,1,1,2,1,2,4,2,5,2,1,2,1,3,1,2,1,3,5,1,,true
40,40,2025-01-01 12:15:00,47,0,3000,Flexibel,4,4,4,4,2,2,5,3,3,3,4,3,4,5,4,3,5,3,5,2,,true
41,41,2025-01-01 12:16:00,18,500,2000,Zomer (jun-aug),1,5,3,1,1,1,5,2,5,4,1,2,5,1,5,4,4,1,5,5,,true
42,42,2025-01-01 12:17:00,46,0,3500,Flexibel,3,4,3,1,3,2,4,5,4,2,1,4,1,5,2,3,3,5,2,3,,true
43,43,2025-01-01 12:18:00,37,1000,1500,Flexibel,4,2,3,1,3,3,4,4,4,2,1,4,1,5,4,4,5,2,4,5,,true
44,44,2025-01-01 12:19:00,24,0,0,Winter (dec-feb),5,4,4,1,3,1,5,2,4,1,1,2,4,3,1,5,3,2,1,4,,true
45,45,2025-01-01 12:20:00,46,0,2500,Lente (mrt-mei),3,3,4,5,3,4,5,4,2,1,1,5,4,5,5,4,1,3,1,2,,true
46,46,2025-01-01 12:21:00,24,1500,4500,Zomer (jun-aug),2,1,2,5,4,4,3,4,4,1,1,2,2,2,5,5,5,1,1,2,,true
47,47,2025-01-01 12:22:00,30,500,4500,Zomer (jun-aug),4,3,4,5,2,4,4,4,4,2,2,4,4,5,5,5,2,3,5,2,,true
48,48,2025-01-01 12:23:00,48,1500,5000,Winter (dec-feb),1,4,3,2,4,1,1,1,5,1,4,2,4,4,1,4,3,2,2,5,,true
49,49,2025-01-01 12:24:00,50,2500,2500,Zomer (jun-aug),1,2,3,5,1,5,2,1,4,2,5,2,4,4,5,1,1,3,4,2,,true
50,50,2025-01-01 12:25:00,29,0,3000,Herfst (sep-nov),3,5,4,5,2,3,2,1,5,1,5,2,1,1,3,2,5,1,3,4,,true
51,51,2025-01-01 12:26:00,30,0,2500,Lente (mrt-mei),4,5,5,3,4,4,5,3,3,1,5,5,1,4,3,1,5,1,5,3,,true
52,52,2025-01-01 12:27:00,20,1000,5000,Zomer (jun-aug),1,1,1,1,1,3,4,4,2,2,1,4,4,3,4,3,2,5,3,4,,true
53,53,2025-01-01 12:28:00,26,500,5000,Zomer (jun-aug),1,4,3,3,5,3,2,3,4,3,4,1,2,2,3,2,3,1,2,1,,true
54,54,2025-01-01 12:29:00,30,5000,5000,Flexibel,2,5,2,4,2,4,1,2,4,5,4,3,3,2,5,2,5,1,4,4,,true
55,55,2025-01-01 12:30:00,42,2000,2000,Winter (dec-feb),4,5,5,4,3,2,2,5,5,3,2,1,5,1,2,2,2,1,5,4,,true
56,56,2025-01-01 12:31:00,28,1500,2000,Zomer (jun-aug),1,1,3,4,5,5,1,5,3,5,2,1,5,2,4,3,4,1,3,1,,true
57,57,2025-01-01 12:32:00,29,2000,5000,Winter (dec-feb),2,1,1,3,1,5,3,5,3,5,1,3,4,2,1,5,1,4,5,2,,true
58,58,2025-01-01 12:33:00,50,2000,2000,Flexibel,2,2,1,3,3,3,3,1,2,5,3,4,2,4,5,5,5,2,2,4,,true
59,59,2025-01-01 12:34:00,28,2500,4000,Herfst (sep-nov),3,5,4,4,3,4,1,3,1,1,1,3,5,4,1,4,4,5,2,2,,true
60,60,2025-01-01 12:35:00,19,4000,4500,Lente (mrt-mei),2,5,5,4,1,1,2,4,1,3,5,2,4,4,2,3,1,3,4,5,,true
61,61,2025-01-01 12:36:00,37,1500,1500,Herfst (sep-nov),2,2,2,4,2,1,3,3,1,4,2,1,5,4,3,2,3,2,1,3,,true
62,62,2025-01-01 12:37:00,26,5000,5000,Herfst (sep-nov),5,4,5,3,5,2,3,4,4,3,1,4,1,4,2,3,1,3,3,5,,true
63,63,2025-01-01 12:38:00,30,3000,4000,Flexibel,3,3,2,5,2,5,3,1,5,5,2,3,5,3,3,2,1,2,5,5,,true
64,64,2025-01-01 12:39:00,38,2500,3000,Winter (dec-feb),2,2,2,5,3,3,1,5,1,1,1,3,4,4,5,3,5,2,1,3,,true
65,65,2025-01-01 12:40:00,48,1000,2500,Herfst (sep-nov),5,5,5,2,5,1,4,3,3,1,5,5,1,4,2,2,3,2,1,2,,true
66,66,2025-01-01 12:41:00,31,3000,4000,Lente (mrt-mei),5,4,2,5,5,5,1,3,3,2,4,2,4,4,5,1,2,5,5,4,,true
67,67,2025-01-01 12:42:00,18,3500,4500,Flexibel,1,3,5,1,5,1,2,3,5,1,4,5,5,3,1,3,3,2,3,1,,true
68,68,2025-01-01 12:43:00,37,3000,3000,Zomer (jun-aug),1,1,5,1,4,1,3,5,4,3,5,4,1,2,3,2,2,1,2,5,,true
69,69,2025-01-01 12:44:00,50,2500,4000,Lente (mrt-mei),3,5,2,3,3,3,1,2,4,2,2,1,2,3,3,5,3,1,5,4,,true
70,70,2025-01-01 12:45:00,30,3500,4000,Zomer (jun-aug),5,2,4,4,2,2,1,5,1,3,2,5,2,2,4,5,5,5,3,1,,true
71,71,2025-01-01 12:46:00,29,2000,3000,Lente (mrt-mei),2,4,2,5,2,1,4,5,3,1,3,1,4,4,4,2,3,5,1,4,,true
72,72,2025-01-01 12:47:00,41,4000,4500,Flexibel,4,1,2,3,2,3,4,3,3,3,1,4,5,4,4,3,3,2,4,2,,true
73,73,2025-01-01 12:48:00,30,0,1000,Flexibel,3,3,1,1,1,2,2,2,5,2,1,5,5,2,4,2,2,4,3,2,,true
74,74,2025-01-01 12:49:00,25,1000,4000,Zomer (jun-aug),5,4,4,2,2,3,2,5,3,1,1,4,1,4,1,2,2,4,2,4,,true
75,75,2025-01-01 12:50:00,22,0,4500,Flexibel,5,4,1,5,5,1,5,2,2,2,3,2,1,5,5,1,1,1,5,5,,true
76,76,2025-01-01 12:51:00,44,1500,2500,Lente (mrt-mei),5,4,2,2,1,3,1,3,5,1,3,5,4,3,1,2,2,3,5,3,,true
77,77,2025-01-01 12:52:00,29,0,0,Winter (dec-feb),3,1,4,1,1,5,1,3,4,2,3,1,2,3,4,5,2,5,3,3,,true
78,78,2025-01-01 12:53:00,30,1500,4000,Lente (mrt-mei),2,3,2,2,4,1,3,3,3,2,1,3,1,4,2,2,3,5,5,1,,true
79,79,2025-01-01 12:54:00,47,4000,5000,Herfst (sep-nov),1,4,5,4,1,4,4,4,1,1,2,4,2,5,1,2,2,1,3,5,,true
80,80,2025-01-01 12:55:00,24,5000,5000,Zomer (jun-aug),1,1,1,3,2,2,4,3,5,4,3,3,5,1,3,1,3,5,2,5,,true
81,81,2025-01-01 12:56:00,42,4000,5000,Herfst (sep-nov),2,4,3,4,3,2,5,4,1,5,3,3,2,1,3,5,5,4,5,4,,true
82,82,2025-01-01 12:57:00,19,500,3500,Lente (mrt-mei),4,3,3,2,2,5,4,3,4,2,3,5,5,5,5,4,1,2,2,4,,true
83,83,2025-01-01 12:58:00,46,1000,4500,Winter (dec-feb),1,3,2,4,3,1,2,4,2,5,2,1,1,5,4,5,2,5,1,1,,true
84,84,2025-01-01 12:59:00,31,3000,3000,Herfst (sep-nov),1,2,4,4,4,4,5,2,4,5,5,1,5,4,2,4,1,4,4,5,,true
85,85,2025-01-01 13:00:00,29,500,2500,Herfst (sep-nov),5,1,3,2,3,1,2,4,5,4,3,1,2,2,3,2,1,4,3,3,,true
86,86,2025-01-01 13:01:00,43,2500,3000,Flexibel,4,5,5,1,1,5,3,4,5,1,3,4,2,2,5,3,1,3,4,2,,true
87,87,2025-01-01 13:02:00,31,5000,5000,Winter (dec-feb),1,1,4,2,5,4,2,4,4,4,2,4,5,4,2,2,3,5,4,2,,true
88,88,2025-01-01 13:03:00,48,2500,3500,Flexibel,3,2,3,4,1,3,1,5,1,5,5,1,5,5,2,2,2,5,1,1,,true
89,89,2025-01-01 13:04:00,44,3500,4000,Flexibel,1,3,5,3,2,3,1,1,3,1,1,3,3,1,1,1,2,1,3,1,,true
90,90,2025-01-01 13:05:00,46,4500,4500,Flexibel,3,5,3,4,1,4,2,4,3,5,3,3,3,4,3,2,2,4,5,1,,true
91,91,2025-01-01 13:06:00,20,2500,3000,Flexibel,5,1,1,2,3,4,2,1,1,2,1,3,2,5,1,2,5,5,5,1,,true
92,92,2025-01-01 13:07:00,19,4500,4500,Herfst (sep-nov),2,5,1,2,5,4,5,3,2,3,2,2,1,4,5,5,5,4,4,4,,true
93,93,2025-01-01 13:08:00,48,4500,5000,Flexibel,2,5,4,3,3,2,5,4,3,4,4,3,3,3,2,4,2,4,1,1,,true
94,94,2025-01-01 13:09:00,48,500,4000,Herfst (sep-nov),4,4,3,1,3,1,2,4,4,3,5,4,2,4,5,4,3,3,2,5,,true
95,95,2025-01-01 13:10:00,26,500,2500,Lente (mrt-mei),2,5,5,5,4,4,2,2,1,2,2,5,3,1,4,5,5,5,5,5,,true
96,96,2025-01-01 13:11:00,47,1000,5000,Flexibel,3,5,3,3,5,2,1,4,2,3,2,3,1,2,3,5,3,5,1,3,,true
97,97,2025-01-01 13:12:00,37,1500,3500,Flexibel,5,1,3,4,5,1,3,3,2,3,3,2,1,4,3,5,3,3,4,2,,true
98,98,2025-01-01 13:13:00,34,0,3000,Zomer (jun-aug),2,1,4,4,5,2,4,5,2,4,5,2,2,4,3,1,4,5,3,5,,true
99,99,2025-01-01 13:14:00,39,3500,5000,Zomer (jun-aug),5,3,1,5,1,3,2,4,3,3,4,3,4,3,3,2,3,3,3,4,,true
100,100,2025-01-01 13:15:00,50,3000,5000,Flexibel,4,1,5,5,4,2,1,5,3,4,1,1,3,5,5,1,2,5,3,4,,true
101,101,2025-01-01 13:16:00,50,4000,5000,Flexibel,4,4,4,2,3,3,2,1,1,3,2,4,3,3,2,3,5,1,1,1,,true
102,102,2025-01-01 13:17:00,35,3000,4500,Herfst (sep-nov),4,1,4,2,3,1,4,1,2,3,3,4,3,2,3,2,2,5,5,5,,true
103,103,2025-01-01 13:18:00,32,500,500,Winter (dec-feb),3,5,3,2,5,1,2,1,3,5,1,4,1,4,5,1,3,3,3,1,,true
104,104,2025-01-01 13:19:00,39,3500,5000,Zomer (jun-aug),1,1,1,3,5,3,5,4,1,3,3,2,5,2,2,5,2,1,3,3,,true
105,105,2025-01-01 13:20:00,46,1500,2000,Flexibel,4,3,4,5,4,2,1,5,4,2,1,1,1,1,2,1,4,2,3,4,,true
106,106,2025-01-01 13:21:00,39,4500,4500,Lente (mrt-mei),5,1,3,2,1,5,1,1,5,2,4,5,2,5,2,1,5,1,1,3,,true
107,107,2025-01-01 13:22:00,24,500,500,Zomer (jun-aug),3,5,5,4,3,4,3,3,2,4,1,2,1,2,1,5,2,4,5,1,,true
108,108,2025-01-01 13:23:00,32,0,4500,Zomer (jun-aug),5,2,2,1,3,2,3,2,4,1,4,3,3,4,5,2,5,3,2,2,,true
109,109,2025-01-01 13:24:00,19,500,4500,Zomer (jun-aug),4,3,2,5,4,2,2,3,5,2,3,2,4,2,4,5,4,3,1,1,,true
110,110,2025-01-01 13:25:00,48,0,500,Zomer (jun-aug),4,4,3,2,2,5,5,2,5,2,1,2,4,4,5,2,1,4,4,5,,true
111,111,2025-01-01 13:26:00,44,2000,2500,Herfst (sep-nov),4,2,3,3,2,4,2,3,5,1,1,3,5,4,2,4,4,2,4,5,,true
112,112,2025-01-01 13:27:00,23,0,2500,Lente (mrt-mei),5,4,3,2,5,4,2,1,5,2,4,4,4,3,2,3,5,5,5,2,,true
113,113,2025-01-01 13:28:00,41,0,1000,Zomer (jun-aug),3,5,3,1,5,3,4,4,5,5,2,2,2,3,2,4,1,4,5,2,,true
114,114,2025-01-01 13:29:00,41,2500,2500,Flexibel,1,5,1,4,1,3,5,5,2,2,2,2,5,3,4,1,1,3,3,2,,true
115,115,2025-01-01 13:30:00,28,0,2500,Herfst (sep-nov),5,5,3,4,3,4,5,1,2,3,4,4,1,3,2,1,1,4,4,2,,true
116,116,2025-01-01 13:31:00,42,4500,5000,Flexibel,2,4,4,3,3,2,3,5,5,2,3,2,2,5,1,3,3,2,4,4,,true
117,117,2025-01-01 13:32:00,36,1000,3500,Herfst (sep-nov),5,5,3,3,3,5,4,3,4,1,4,5,5,3,3,5,4,5,2,4,,true
118,118,2025-01-01 13:33:00,37,3500,4500,Zomer (jun-aug),4,3,1,3,5,1,3,5,4,4,3,5,2,3,1,2,2,1,5,1,,true
119,119,2025-01-01 13:34:00,42,4500,4500,Flexibel,2,4,3,3,2,4,3,3,2,3,5,1,4,3,5,5,1,2,3,1,,true
120,120,2025-01-01 13:35:00,29,0,2000,Herfst (sep-nov),5,3,3,4,1,1,4,1,4,4,1,5,4,5,4,4,3,5,3,5,,true
121,121,2025-01-01 13:36:00,25,2000,2500,Winter (dec-feb),3,4,5,1,3,2,4,1,5,1,5,1,5,1,3,4,5,4,5,2,,true
122,122,2025-01-01 13:37:00,45,4500,4500,Flexibel,3,4,4,3,3,1,4,4,2,1,3,4,3,1,3,2,3,1,3,5,,true
123,123,2025-01-01 13:38:00,49,1500,4500,Herfst (sep-nov),5,4,4,1,4,2,2,2,1,4,2,4,4,5,1,2,5,2,3,1,,true
124,124,2025-01-01 13:39:00,21,5000,5000,Zomer (jun-aug),2,3,5,4,1,3,4,3,1,5,2,5,1,1,1,1,1,1,1,4,,true
125,125,2025-01-01 13:40:00,25,5000,5000,Flexibel,5,3,5,1,1,4,1,2,2,1,2,4,2,2,1,4,3,1,3,5,,true
126,126,2025-01-01 13:41:00,18,3000,4500,Winter (dec-feb),1,2,2,2,1,1,3,4,5,1,5,3,4,2,2,3,1,1,3,4,,true
127,127,2025-01-01 13:42:00,27,2000,2000,Lente (mrt-mei),2,5,1,3,2,1,3,2,3,3,4,4,1,3,2,1,1,2,4,2,,true
128,128,2025-01-01 13:43:00,23,1500,4500,Winter (dec-feb),4,5,3,5,1,1,2,4,4,3,4,2,4,5,5,4,4,3,4,1,,true
129,129,2025-01-01 13:44:00,31,5000,5000,Zomer (jun-aug),2,5,3,4,2,1,3,3,1,3,1,5,5,1,5,2,3,4,4,1,,true
130,130,2025-01-01 13:45:00,31,3500,5000,Flexibel,4,3,1,2,2,2,1,5,1,1,2,2,4,1,1,4,5,3,5,4,,true
131,131,2025-01-01 13:46:00,45,3000,4000,Zomer (jun-aug),1,2,2,4,3,1,2,3,5,4,5,3,1,5,4,3,2,1,2,1,,true
132,132,2025-01-01 13:47:00,39,2000,5000,Herfst (sep-nov),4,1,2,2,4,1,4,2,2,3,5,4,1,5,4,2,1,2,3,1,,true
133,133,2025-01-01 13:48:00,18,3000,4000,Zomer (jun-aug),2,3,5,2,5,4,1,5,1,5,5,1,3,2,3,3,2,3,3,1,,true
134,134,2025-01-01 13:49:00,27,3000,3500,Flexibel,3,1,5,4,1,5,1,1,1,3,1,2,5,3,4,3,5,1,2,4,,true
135,135,2025-01-01 13:50:00,18,2500,5000,Flexibel,2,1,3,3,2,5,2,4,1,4,1,5,5,5,1,2,3,4,2,1,,true
136,136,2025-01-01 13:51:00,44,5000,5000,Winter (dec-feb),2,3,3,3,4,1,4,5,4,1,4,5,2,1,1,5,1,2,2,5,,true
137,137,2025-01-01 13:52:00,19,1000,4000,Flexibel,4,2,4,2,1,3,5,2,3,1,5,1,5,3,5,5,2,3,3,4,,true
138,138,2025-01-01 13:53:00,41,0,2500,Zomer (jun-aug),3,4,3,3,3,5,2,2,4,2,3,1,5,2,5,3,4,2,5,3,,true
139,139,2025-01-01 13:54:00,20,4000,4000,Flexibel,5,4,4,3,2,3,5,3,4,1,2,5,2,2,5,1,5,1,3,3,,true
140,140,2025-01-01 13:55:00,49,5000,5000,Flexibel,1,5,5,3,1,5,2,4,5,1,5,2,5,2,4,3,1,4,5,2,,true
141,141,2025-01-01 13:56:00,40,3000,4000,Zomer (jun-aug),5,2,3,2,4,3,5,4,2,5,4,5,3,2,1,3,1,4,3,2,,true
142,142,2025-01-01 13:57:00,19,4000,4000,Flexibel,1,4,3,2,5,4,5,3,1,2,4,4,5,1,4,3,4,2,4,5,,true
143,143,2025-01-01 13:58:00,39,1500,3000,Flexibel,1,3,5,4,2,2,3,2,1,2,2,4,4,2,4,1,5,1,2,2,,true
144,144,2025-01-01 13:59:00,29,3500,3500,Flexibel,3,2,2,1,3,4,2,1,2,3,3,2,4,5,5,4,1,1,2,1,,true
145,145,2025-01-01 14:00:00,24,1500,3000,Flexibel,1,3,1,5,5,1,5,3,1,2,2,2,4,2,4,4,4,1,3,5,,true
146,146,2025-01-01 14:01:00,31,3000,5000,Herfst (sep-nov),3,4,3,5,2,1,2,4,2,3,4,2,1,5,1,4,2,4,4,2,,true
147,147,2025-01-01 14:02:00,42,1000,4000,Winter (dec-feb),3,1,3,5,5,5,2,1,2,4,4,3,1,5,1,1,1,2,1,1,,true
148,148,2025-01-01 14:03:00,43,4500,5000,Flexibel,4,2,4,4,1,1,1,4,5,1,1,5,5,4,3,5,3,5,4,2,,true
149,149,2025-01-01 14:04:00,49,3500,4000,Flexibel,4,5,3,1,1,4,1,5,5,4,3,2,4,4,2,5,4,2,1,1,,true
150,150,2025-01-01 14:05:00,21,500,4000,Herfst (sep-nov),5,2,5,5,5,3,2,3,5,2,4,5,4,2,3,1,3,5,5,2,,true
151,151,2025-01-01 14:06:00,50,5000,5000,Lente (mrt-mei),3,1,3,5,5,3,5,2,5,2,4,2,3,5,4,2,3,4,5,1,,true
152,152,2025-01-01 14:07:00,18,3500,4000,Flexibel,1,1,3,5,5,5,3,5,2,4,3,4,5,1,3,3,5,5,3,4,,true
153,153,2025-01-01 14:08:00,29,4500,4500,Flexibel,1,1,5,4,2,1,2,5,4,2,1,4,2,2,3,4,5,5,4,1,,true
154,154,2025-01-01 14:09:00,46,3500,4000,Lente (mrt-mei),1,5,3,1,3,4,5,4,1,2,3,3,1,5,5,1,4,3,4,5,,true
155,155,2025-01-01 14:10:00,43,1500,1500,Flexibel,2,4,2,3,2,2,1,1,2,4,1,3,4,2,3,1,2,1,4,2,,true
156,156,2025-01-01 14:11:00,25,5000,5000,Flexibel,5,5,2,3,2,2,2,4,5,4,4,5,2,4,5,1,1,2,1,3,,true
157,157,2025-01-01 14:12:00,35,2000,3500,Lente (mrt-mei),4,4,5,3,4,5,2,1,5,4,5,1,3,1,2,1,3,4,4,1,,true
158,158,2025-01-01 14:13:00,20,3500,5000,Winter (dec-feb),3,1,5,1,1,2,2,1,5,1,2,5,2,3,2,3,2,5,4,3,,true
159,159,2025-01-01 14:14:00,33,1500,1500,Lente (mrt-mei),2,4,2,5,1,4,4,3,4,4,3,1,2,1,1,3,5,2,1,4,,true
160,160,2025-01-01 14:15:00,27,2500,2500,Herfst (sep-nov),3,5,5,5,5,3,4,5,5,3,3,4,4,5,4,1,5,3,5,1,,true
161,161,2025-01-01 14:16:00,50,4000,4000,Herfst (sep-nov),5,3,2,2,2,2,2,4,3,2,3,2,1,4,1,1,5,2,1,5,,true
162,162,2025-01-01 14:17:00,39,500,1000,Winter (dec-feb),4,3,3,3,1,1,5,1,5,3,5,2,2,3,5,4,3,3,2,3,,true
163,163,2025-01-01 14:18:00,25,5000,5000,Lente (mrt-mei),2,3,2,4,5,4,3,5,5,5,2,5,3,2,1,2,5,1,4,3,,true
164,164,2025-01-01 14:19:00,42,1500,2500,Flexibel,5,1,1,1,2,5,5,4,5,3,1,1,4,3,1,1,2,3,3,1,,true
165,165,2025-01-01 14:20:00,28,3500,3500,Flexibel,1,5,4,1,5,1,3,4,3,4,5,2,5,4,2,2,3,2,4,5,,true
166,166,2025-01-01 14:21:00,28,2500,3000,Zomer (jun-aug),1,2,2,2,3,2,5,3,1,3,4,3,4,4,2,2,1,5,2,5,,true
167,167,2025-01-01 14:22:00,31,1000,2000,Zomer (jun-aug),1,1,4,3,1,1,3,2,2,3,2,1,2,4,4,1,3,4,5,1,,true
168,168,2025-01-01 14:23:00,44,1500,2500,Zomer (jun-aug),2,4,2,3,2,3,4,5,3,2,3,5,5,2,5,5,3,1,3,4,,true
169,169,2025-01-01 14:24:00,44,4500,4500,Lente (mrt-mei),5,2,1,3,4,3,2,4,3,3,3,4,1,5,2,3,4,3,2,4,,true
170,170,2025-01-01 14:25:00,28,0,5000,Flexibel,2,5,3,5,2,4,4,1,2,4,2,4,4,5,1,2,3,1,2,4,,true
171,171,2025-01-01 14:26:00,32,2500,4000,Zomer (jun-aug),4,1,4,1,3,5,1,2,4,3,3,2,4,3,5,2,4,2,1,4,,true
172,172,2025-01-01 14:27:00,36,0,1000,Winter (dec-feb),2,4,1,2,5,1,2,1,5,2,1,4,3,3,3,1,5,3,1,2,,true
173,173,2025-01-01 14:28:00,40,5000,5000,Winter (dec-feb),2,4,4,2,1,2,3,3,2,1,5,5,1,1,1,1,3,5,3,4,,true
174,174,2025-01-01 14:29:00,18,4000,4000,Zomer (jun-aug),4,1,2,1,2,1,2,1,2,4,3,1,1,5,4,2,4,3,2,5,,true
175,175,2025-01-01 14:30:00,35,500,3500,Herfst (sep-nov),3,1,3,2,2,1,5,4,1,4,3,1,1,5,2,5,2,1,3,2,,true
176,176,2025-01-01 14:31:00,30,3000,4500,Herfst (sep-nov),4,3,5,2,2,2,4,1,4,4,3,5,1,2,2,3,1,5,2,4,,true
177,177,2025-01-01 14:32:00,24,0,3500,Winter (dec-feb),5,2,5,5,3,4,4,3,2,5,2,5,2,5,4,4,4,1,1,2,,true
178,178,2025-01-01 14:33:00,33,2500,3000,Zomer (jun-aug),5,4,3,3,3,5,2,1,1,1,1,5,4,2,2,4,2,3,1,3,,true
179,179,2025-01-01 14:34:00,29,3000,3000,Herfst (sep-nov),4,2,3,4,3,2,1,3,2,1,3,1,3,5,4,1,2,5,4,5,,true
180,180,2025-01-01 14:35:00,30,4500,5000,Winter (dec-feb),2,5,5,5,2,5,1,4,4,2,4,5,1,1,5,1,1,4,2,4,,true
181,181,2025-01-01 14:36:00,25,500,500,Winter (dec-feb),2,1,3,5,5,3,5,1,5,1,2,3,1,5,3,5,1,2,1,3,,true
182,182,2025-01-01 14:37:00,49,2000,4500,Herfst (sep-nov),1,1,1,4,3,5,4,5,1,4,3,1,4,3,1,5,4,5,5,1,,true
183,183,2025-01-01 14:38:00,19,4000,5000,Herfst (sep-nov),1,4,5,3,4,1,1,4,3,4,5,4,4,1,2,1,3,2,1,1,,true
184,184,2025-01-01 14:39:00,49,0,3000,Flexibel,1,2,4,5,3,4,4,2,1,5,5,4,2,5,3,2,4,1,4,3,,true
185,185,2025-01-01 14:40:00,35,500,500,Winter (dec-feb),4,4,2,1,4,2,1,4,3,2,2,2,5,5,3,3,5,3,2,2,,true
186,186,2025-01-01 14:41:00,26,0,3500,Zomer (jun-aug),2,2,4,5,3,5,3,5,2,1,4,2,1,1,3,5,3,5,2,2,,true
187,187,2025-01-01 14:42:00,19,3000,4000,Flexibel,4,2,3,3,2,2,5,4,3,2,3,1,3,4,3,5,1,5,1,1,,true
188,188,2025-01-01 14:43:00,44,4000,4000,Zomer (jun-aug),4,2,3,3,1,5,1,5,1,3,4,2,4,3,4,4,4,2,5,2,,true
189,189,2025-01-01 14:44:00,30,1000,1500,Flexibel,1,1,3,5,2,2,1,4,2,5,1,1,5,4,3,2,5,3,1,1,,true
190,190,2025-01-01 14:45:00,36,0,2000,Herfst (sep-nov),3,1,2,2,5,2,2,3,3,2,1,1,5,5,4,4,3,3,4,5,,true
191,191,2025-01-01 14:46:00,36,1500,2000,Flexibel,5,3,1,3,2,2,5,1,1,3,4,5,1,4,2,3,2,3,1,3,,true
192,192,2025-01-01 14:47:00,25,0,3500,Zomer (jun-aug),2,3,2,4,4,2,1,2,2,5,5,5,1,5,5,4,4,1,4,5,,true
193,193,2025-01-01 14:48:00,23,5000,5000,Winter (dec-feb),3,4,5,1,2,1,1,1,4,4,1,4,4,4,5,4,4,2,2,2,,true
194,194,2025-01-01 14:49:00,40,0,2000,Lente (mrt-mei),5,5,4,2,5,5,5,5,5,5,4,4,5,1,5,2,1,2,4,3,,true
195,195,2025-01-01 14:50:00,36,1000,2000,Zomer (jun-aug),2,5,5,5,2,3,1,4,5,2,5,2,5,3,1,1,2,3,4,5,,true
196,196,2025-01-01 14:51:00,41,3000,4500,Winter (dec-feb),2,1,1,5,1,2,3,2,3,1,2,1,2,2,4,5,4,5,5,2,,true
197,197,2025-01-01 14:52:00,30,1000,2000,Flexibel,4,5,1,5,1,3,4,4,3,2,5,1,5,3,2,5,5,4,1,5,,true
198,198,2025-01-01 14:53:00,46,5000,5000,Lente (mrt-mei),5,4,4,5,4,2,5,3,1,5,4,2,1,1,2,3,3,4,3,2,,true
199,199,2025-01-01 14:54:00,37,3500,5000,Flexibel,4,5,5,2,4,5,4,1,2,3,3,4,1,2,4,4,4,1,5,3,,true
200,200,2025-01-01 14:55:00,36,1000,4000,Zomer (jun-aug),5,3,3,3,4,4,2,2,5,3,2,5,3,4,1,5,1,5,2,3,,true
201,201,2025-01-01 14:56:00,43,500,5000,Winter (dec-feb),5,2,3,1,4,4,2,3,3,4,2,5,2,4,4,4,5,3,4,3,,true
202,202,2025-01-01 14:57:00,42,3000,3000,Lente (mrt-mei),1,3,4,1,2,3,4,3,3,2,4,4,4,5,2,3,4,4,4,3,,true
203,203,2025-01-01 14:58:00,37,500,2500,Herfst (sep-nov),4,2,4,2,1,1,3,1,3,1,1,2,1,1,4,1,1,2,5,4,,true
204,204,2025-01-01 14:59:00,27,500,3000,Zomer (jun-aug),4,4,3,3,5,2,4,1,4,2,4,2,4,3,5,1,4,2,5,3,,true
205,205,2025-01-01 15:00:00,34,4000,5000,Lente (mrt-mei),3,5,4,4,3,3,1,5,5,3,1,4,3,4,5,3,1,2,4,4,,true
206,206,2025-01-01 15:01:00,28,4500,4500,Herfst (sep-nov),1,3,4,3,4,2,2,5,5,1,4,5,1,5,1,4,2,1,5,1,,true
207,207,2025-01-01 15:02:00,35,500,1000,Lente (mrt-mei),4,5,2,4,2,4,1,4,1,5,2,3,3,1,5,1,4,5,5,4,,true
208,208,2025-01-01 15:03:00,32,5000,5000,Winter (dec-feb),3,5,2,2,4,1,3,2,3,1,1,1,4,4,3,2,3,3,4,5,,true
209,209,2025-01-01 15:04:00,28,1000,2500,Winter (dec-feb),5,2,5,5,2,2,5,5,2,1,3,3,3,2,2,5,4,3,4,2,,true
210,210,2025-01-01 15:05:00,24,1500,4000,Flexibel,2,3,4,4,3,3,4,5,2,4,4,3,2,2,3,2,5,1,2,3,,true
211,211,2025-01-01 15:06:00,31,2000,2000,Herfst (sep-nov),5,5,1,2,1,2,1,4,1,4,4,4,4,1,2,5,3,3,2,2,,true
212,212,2025-01-01 15:07:00,43,4500,5000,Flexibel,4,3,2,1,3,3,5,4,2,4,4,2,2,5,5,3,4,3,5,3,,true
213,213,2025-01-01 15:08:00,21,4000,4500,Winter (dec-feb),4,1,3,5,2,5,3,1,5,5,4,5,1,1,3,3,2,5,3,3,,true
214,214,2025-01-01 15:09:00,37,3500,4000,Lente (mrt-mei),4,1,3,5,2,1,5,1,1,3,3,3,3,2,3,4,4,5,4,3,,true
215,215,2025-01-01 15:10:00,20,2000,5000,Winter (dec-feb),3,5,3,4,5,1,1,1,2,3,1,5,2,5,5,2,1,1,2,3,,true
216,216,2025-01-01 15:11:00,48,1500,4000,Flexibel,3,3,3,1,1,4,5,1,5,3,5,4,4,5,2,3,3,2,3,1,,true
217,217,2025-01-01 15:12:00,49,2500,4000,Flexibel,3,5,4,2,3,5,1,4,3,3,5,2,2,4,5,4,4,1,1,5,,true
218,218,2025-01-01 15:13:00,49,4000,5000,Flexibel,4,4,5,3,2,3,4,3,5,4,1,5,2,1,2,3,4,5,3,4,,true
219,219,2025-01-01 15:14:00,29,2500,5000,Flexibel,4,4,2,5,5,5,5,4,1,1,4,1,5,4,2,5,4,5,2,4,,true
220,220,2025-01-01 15:15:00,26,0,2000,Flexibel,2,3,4,5,2,5,3,4,4,4,4,5,4,3,1,3,1,1,3,5,,true
221,221,2025-01-01 15:16:00,21,2000,4500,Lente (mrt-mei),4,5,4,5,3,4,1,5,4,4,1,5,2,1,5,1,5,1,3,3,,true
222,222,2025-01-01 15:17:00,48,4000,4000,Zomer (jun-aug),2,2,4,4,3,3,3,5,1,5,5,2,4,1,3,5,1,3,2,1,,true
223,223,2025-01-01 15:18:00,31,3000,4500,Herfst (sep-nov),1,1,4,4,4,3,2,2,1,5,4,1,3,1,2,5,1,1,4,2,,true
224,224,2025-01-01 15:19:00,27,3500,3500,Herfst (sep-nov),3,1,1,4,4,1,5,5,2,1,4,4,5,5,1,2,2,4,2,4,,true
225,225,2025-01-01 15:20:00,19,3500,5000,Zomer (jun-aug),2,4,1,1,4,5,1,4,2,3,5,3,4,4,2,1,5,1,2,2,,true
226,226,2025-01-01 15:21:00,29,2500,4500,Lente (mrt-mei),1,4,3,3,1,4,2,3,5,3,5,4,3,1,5,1,4,4,4,2,,true
227,227,2025-01-01 15:22:00,24,1000,4000,Herfst (sep-nov),5,3,5,4,3,1,5,1,4,2,2,3,1,2,2,2,1,4,4,5,,true
228,228,2025-01-01 15:23:00,21,0,1500,Flexibel,3,4,2,5,3,2,1,1,1,2,2,3,4,1,2,2,5,1,5,1,,true
229,229,2025-01-01 15:24:00,44,2000,2500,Flexibel,3,4,4,3,4,3,3,3,4,4,5,5,2,2,1,5,4,2,2,5,,true
230,230,2025-01-01 15:25:00,31,500,2500,Flexibel,3,4,5,4,4,4,2,4,1,4,2,4,3,1,5,5,3,4,5,4,,true
231,231,2025-01-01 15:26:00,34,3000,3500,Zomer (jun-aug),4,1,3,3,4,5,2,1,4,3,3,4,3,2,3,1,1,2,1,4,,true
232,232,2025-01-01 15:27:00,29,3500,4500,Winter (dec-feb),5,4,2,1,2,5,1,5,4,3,2,3,3,4,4,5,2,4,4,3,,true
233,233,2025-01-01 15:28:00,32,2000,2000,Lente (mrt-mei),4,3,4,3,1,3,2,4,5,1,1,5,4,4,2,2,4,2,3,5,,true
234,234,2025-01-01 15:29:00,40,5000,5000,Zomer (jun-aug),1,4,2,1,2,5,1,4,1,5,3,1,2,2,3,1,1,1,3,5,,true
235,235,2025-01-01 15:30:00,33,3000,4500,Zomer (jun-aug),1,5,2,1,2,5,4,1,2,2,5,4,4,3,2,4,1,3,2,3,,true
236,236,2025-01-01 15:31:00,46,2500,4500,Herfst (sep-nov),2,5,3,1,3,5,2,2,2,5,4,5,4,4,1,5,3,1,1,1,,true
237,237,2025-01-01 15:32:00,21,500,1500,Lente (mrt-mei),2,3,2,5,3,1,2,5,1,2,1,2,2,1,4,2,5,5,2,5,,true
238,238,2025-01-01 15:33:00,28,4000,5000,Flexibel,1,2,5,5,1,2,4,4,1,1,4,1,4,1,5,5,4,2,3,5,,true
239,239,2025-01-01 15:34:00,34,1000,5000,Flexibel,5,2,3,2,5,1,5,4,1,3,5,3,1,4,1,3,5,1,1,4,,true
240,240,2025-01-01 15:35:00,31,1500,1500,Flexibel,2,4,5,3,2,3,2,4,5,4,3,1,4,2,3,5,3,2,3,5,,true
241,241,2025-01-01 15:36:00,48,1000,4500,Flexibel,3,2,5,2,2,1,5,1,4,1,5,2,4,1,1,4,5,4,1,2,,true
242,242,2025-01-01 15:37:00,28,1500,5000,Zomer (jun-aug),4,1,3,2,5,2,4,3,2,2,3,4,5,3,5,5,5,5,2,1,,true
243,243,2025-01-01 15:38:00,37,2500,2500,Lente (mrt-mei),4,5,2,4,1,1,2,3,2,1,4,5,1,5,3,4,2,3,2,3,,true
244,244,2025-01-01 15:39:00,30,4000,5000,Flexibel,4,5,3,5,5,4,2,4,1,4,3,2,1,1,4,2,5,5,5,2,,true
245,245,2025-01-01 15:40:00,20,1500,2000,Zomer (jun-aug),4,4,2,1,2,3,5,2,4,5,3,1,2,3,4,3,3,4,5,2,,true
246,246,2025-01-01 15:41:00,48,2000,3000,Lente (mrt-mei),4,5,4,4,5,1,1,5,5,5,3,5,4,2,1,2,3,2,3,5,,true
247,247,2025-01-01 15:42:00,41,3000,4500,Flexibel,5,5,3,1,5,5,1,1,4,1,4,4,4,2,2,3,1,4,3,2,,true
248,248,2025-01-01 15:43:00,43,500,3500,Herfst (sep-nov),3,5,5,2,1,5,5,3,4,1,2,1,5,2,3,4,3,2,4,5,,true
249,249,2025-01-01 15:44:00,24,3500,3500,Zomer (jun-aug),2,4,2,4,1,2,2,4,3,1,5,3,4,1,2,5,2,5,5,1,,true
250,250,2025-01-01 15:45:00,33,2500,2500,Winter (dec-feb),2,4,3,4,3,4,1,5,5,4,2,2,2,5,1,3,3,3,3,5,,true
251,251,2025-01-01 15:46:00,25,4000,5000,Flexibel,4,4,1,1,2,5,1,4,1,5,3,5,5,1,5,3,2,3,4,4,,true
252,252,2025-01-01 15:47:00,20,2000,3500,Flexibel,4,3,5,1,5,5,3,2,1,4,4,5,5,3,4,4,1,4,1,4,,true
253,253,2025-01-01 15:48:00,20,2000,2000,Herfst (sep-nov),5,4,3,4,3,4,3,3,5,2,4,3,3,2,2,1,4,5,3,2,,true
254,254,2025-01-01 15:49:00,43,3000,4000,Flexibel,2,3,1,2,5,3,1,1,4,4,1,5,4,3,3,4,2,5,4,1,,true
255,255,2025-01-01 15:50:00,29,5000,5000,Flexibel,4,5,2,5,4,1,1,5,5,2,4,2,3,1,2,3,2,1,2,1,,true
256,256,2025-01-01 15:51:00,33,2500,4000,Herfst (sep-nov),2,2,3,2,5,2,1,1,2,2,4,3,4,1,2,3,3,1,3,1,,true
257,257,2025-01-01 15:52:00,21,2000,3500,Flexibel,5,3,1,3,4,4,2,4,5,4,4,5,3,3,3,5,4,1,3,4,,true
258,258,2025-01-01 15:53:00,29,1500,5000,Zomer (jun-aug),5,3,4,3,1,1,5,3,3,1,5,3,2,4,3,3,4,5,3,3,,true
259,259,2025-01-01 15:54:00,43,1500,4000,Flexibel,2,5,3,3,1,3,3,3,4,4,1,4,1,1,2,3,4,5,4,3,,true
260,260,2025-01-01 15:55:00,45,2000,4000,Flexibel,4,5,5,2,4,5,1,2,1,3,3,5,1,4,4,4,1,5,2,3,,true
261,261,2025-01-01 15:56:00,22,2500,4500,Zomer (jun-aug),5,1,3,4,3,2,4,3,4,3,4,4,1,2,2,2,1,5,2,4,,true
262,262,2025-01-01 15:57:00,22,3500,5000,Flexibel,3,1,2,2,4,5,2,3,3,5,2,4,3,3,1,4,2,2,5,3,,true
263,263,2025-01-01 15:58:00,39,4000,4000,Flexibel,4,2,2,3,2,4,5,3,1,3,1,3,4,2,2,1,3,1,2,3,,true
264,264,2025-01-01 15:59:00,25,2500,3000,Lente (mrt-mei),5,4,5,1,3,2,3,5,1,3,5,2,3,3,3,3,1,2,2,3,,true
265,265,2025-01-01 16:00:00,26,3500,5000,Flexibel,1,1,5,3,5,1,3,1,2,5,2,3,4,1,4,5,3,3,4,1,,true
266,266,2025-01-01 16:01:00,42,2500,3000,Winter (dec-feb),3,3,2,5,5,2,1,3,3,1,5,4,5,5,2,1,2,1,1,5,,true
267,267,2025-01-01 16:02:00,47,5000,5000,Flexibel,1,2,4,2,5,3,3,3,2,2,2,3,3,2,1,1,1,2,4,3,,true
268,268,2025-01-01 16:03:00,32,500,3000,Zomer (jun-aug),4,2,5,4,4,3,2,3,3,3,3,1,4,3,2,2,4,5,3,5,,true
269,269,2025-01-01 16:04:00,32,4000,4500,Flexibel,5,1,2,5,4,1,1,3,2,5,2,3,1,1,3,3,1,2,4,3,,true
270,270,2025-01-01 16:05:00,41,3000,5000,Flexibel,1,4,5,4,4,3,2,4,3,5,3,1,4,3,5,2,4,1,4,4,,true
271,271,2025-01-01 16:06:00,24,4500,4500,Zomer (jun-aug),3,4,4,5,2,2,4,2,3,4,1,3,5,2,2,4,1,5,3,4,,true
272,272,2025-01-01 16:07:00,41,3000,4500,Winter (dec-feb),3,1,3,4,1,4,3,4,2,2,4,3,1,5,2,5,3,5,3,1,,true
273,273,2025-01-01 16:08:00,41,2000,5000,Herfst (sep-nov),5,4,4,1,5,4,3,3,2,1,3,5,3,5,3,1,5,2,4,1,,true
274,274,2025-01-01 16:09:00,26,4500,5000,Winter (dec-feb),2,3,2,3,3,2,5,4,4,3,3,4,2,3,3,5,4,5,3,5,,true
275,275,2025-01-01 16:10:00,50,3000,5000,Zomer (jun-aug),5,3,1,1,5,4,4,5,2,1,3,3,2,5,5,5,3,4,2,4,,true
276,276,2025-01-01 16:11:00,44,1000,4000,Flexibel,4,3,1,5,1,2,3,4,4,3,5,3,1,5,2,3,5,4,3,2,,true
277,277,2025-01-01 16:12:00,44,5000,5000,Flexibel,4,5,1,3,3,4,1,5,1,2,3,3,1,5,1,3,5,4,2,3,,true
278,278,2025-01-01 16:13:00,50,5000,5000,Lente (mrt-mei),4,5,1,1,4,2,3,4,5,3,1,4,2,1,1,5,2,5,3,2,,true
279,279,2025-01-01 16:14:00,30,500,3000,Lente (mrt-mei),3,3,4,3,5,3,1,2,3,1,2,4,5,4,1,5,1,2,1,3,,true
280,280,2025-01-01 16:15:00,45,2500,3500,Flexibel,1,1,4,2,4,5,2,2,5,3,2,5,4,1,1,2,2,2,5,1,,true
281,281,2025-01-01 16:16:00,48,0,3000,Herfst (sep-nov),4,5,4,5,5,4,1,4,5,1,4,4,1,5,1,4,5,5,1,2,,true
282,282,2025-01-01 16:17:00,19,4500,5000,Flexibel,3,5,1,3,2,5,5,2,1,2,1,3,3,3,3,4,3,2,5,3,,true
283,283,2025-01-01 16:18:00,49,4000,5000,Herfst (sep-nov),3,4,5,3,5,5,2,1,3,1,2,4,2,5,2,4,1,3,2,4,,true
284,284,2025-01-01 16:19:00,49,3500,4000,Herfst (sep-nov),4,4,3,4,3,5,2,4,2,4,4,1,1,5,1,5,1,2,1,3,,true
285,285,2025-01-01 16:20:00,50,4500,4500,Flexibel,5,5,2,3,4,4,5,5,2,1,5,5,3,4,2,4,5,3,1,4,,true
286,286,2025-01-01 16:21:00,35,1000,2500,Herfst (sep-nov),5,3,4,2,4,4,4,3,1,2,2,3,2,3,2,4,2,2,4,4,,true
287,287,2025-01-01 16:22:00,36,3500,4500,Flexibel,4,2,5,2,3,5,4,4,5,4,2,1,1,2,3,1,5,1,4,3,,true
288,288,2025-01-01 16:23:00,42,4500,5000,Winter (dec-feb),1,3,3,4,2,1,4,5,1,4,3,4,2,4,1,4,3,3,4,4,,true
289,289,2025-01-01 16:24:00,30,0,4000,Flexibel,2,4,1,1,1,3,1,3,5,2,1,5,3,4,1,2,3,5,4,1,,true
290,290,2025-01-01 16:25:00,48,3000,3500,Lente (mrt-mei),5,5,4,5,1,3,3,1,3,3,3,3,3,3,3,3,3,5,4,3,,true
291,291,2025-01-01 16:26:00,34,2500,4500,Flexibel,5,3,1,1,5,5,3,3,2,4,5,3,3,2,5,5,5,4,2,3,,true
292,292,2025-01-01 16:27:00,26,4000,4500,Flexibel,2,5,4,1,4,1,1,1,5,4,4,2,3,2,2,5,1,4,4,4,,true
293,293,2025-01-01 16:28:00,48,500,3000,Flexibel,2,5,1,2,5,3,1,4,4,2,3,3,4,1,3,5,1,2,2,1,,true
294,294,2025-01-01 16:29:00,21,3500,4500,Winter (dec-feb),2,2,1,3,3,1,5,3,1,3,4,4,5,3,2,2,5,3,4,2,,true
295,295,2025-01-01 16:30:00,50,4500,5000,Zomer (jun-aug),3,1,1,3,5,1,3,1,3,4,2,5,3,1,3,3,2,3,2,5,,true
296,296,2025-01-01 16:31:00,38,2000,5000,Winter (dec-feb),4,3,3,5,1,2,4,2,3,5,2,2,3,1,4,4,2,2,1,2,,true
297,297,2025-01-01 16:32:00,38,1500,4000,Zomer (jun-aug),1,4,1,3,4,1,3,4,3,4,2,2,4,3,2,3,4,4,4,2,,true
298,298,2025-01-01 16:33:00,40,3000,4000,Flexibel,4,2,2,3,5,2,3,3,5,1,5,5,4,3,2,5,3,5,3,2,,true
299,299,2025-01-01 16:34:00,40,500,1000,Lente (mrt-mei),2,3,1,1,5,4,2,2,3,3,1,4,2,2,3,4,3,3,5,4,,true
300,300,2025-01-01 16:35:00,42,4500,4500,Herfst (sep-nov),2,3,4,4,1,3,4,2,1,3,1,3,3,5,5,1,4,4,2,2,,true
301,301,2025-01-01 16:36:00,46,1000,4000,Flexibel,1,4,2,2,2,4,3,4,3,3,5,2,4,4,4,4,1,2,4,3,,true
302,302,2025-01-01 16:37:00,24,0,500,Lente (mrt-mei),1,2,3,1,1,1,5,2,5,2,4,3,4,2,4,2,1,1,4,3,,true
303,303,2025-01-01 16:38:00,36,0,3000,Zomer (jun-aug),3,1,4,1,2,1,1,3,4,3,2,3,2,4,2,4,5,2,2,3,,true
304,304,2025-01-01 16:39:00,32,1000,3000,Flexibel,1,5,2,3,5,5,3,5,2,2,2,1,1,5,1,3,2,5,3,4,,true
305,305,2025-01-01 16:40:00,39,0,4500,Winter (dec-feb),1,3,2,2,5,4,1,3,1,2,1,2,3,5,5,5,3,1,3,1,,true
306,306,2025-01-01 16:41:00,36,4500,5000,Lente (mrt-mei),3,5,4,2,2,1,3,3,4,4,2,1,4,2,1,2,4,3,1,3,,true
307,307,2025-01-01 16:42:00,49,2000,2500,Flexibel,4,1,5,3,4,3,2,3,2,1,4,4,4,1,5,2,4,3,3,2,,true
308,308,2025-01-01 16:43:00,23,500,4000,Zomer (jun-aug),2,4,4,4,4,3,3,4,2,4,3,2,2,5,5,1,3,4,1,2,,true
309,309,2025-01-01 16:44:00,41,1500,2000,Winter (dec-feb),1,5,3,1,5,3,4,2,3,4,5,3,1,2,1,3,2,1,5,3,,true
310,310,2025-01-01 16:45:00,22,2500,4500,Lente (mrt-mei),3,4,2,1,1,3,2,2,1,5,4,2,2,2,2,2,1,2,3,1,,true
311,311,2025-01-01 16:46:00,33,0,3500,Flexibel,5,3,4,4,2,3,2,3,3,3,3,1,1,5,2,4,5,3,1,5,,true
312,312,2025-01-01 16:47:00,27,1000,1000,Herfst (sep-nov),5,4,2,1,4,3,3,5,4,5,2,2,5,5,5,1,1,4,2,3,,true
313,313,2025-01-01 16:48:00,40,1500,3000,Flexibel,4,5,4,1,2,5,1,5,2,3,4,1,4,1,4,3,3,3,2,2,,true
314,314,2025-01-01 16:49:00,20,1500,3000,Lente (mrt-mei),1,1,2,4,4,5,5,5,5,1,2,2,2,5,1,4,1,5,2,3,,true
315,315,2025-01-01 16:50:00,48,1000,4500,Zomer (jun-aug),5,3,5,2,5,3,3,1,1,4,3,3,4,2,4,4,3,4,5,1,,true
316,316,2025-01-01 16:51:00,34,3000,5000,Flexibel,4,1,4,3,2,1,1,3,4,3,4,4,5,2,5,4,3,5,3,3,,true
317,317,2025-01-01 16:52:00,23,4000,5000,Flexibel,5,2,4,1,2,3,1,1,2,1,3,3,2,2,3,5,2,5,2,1,,true
318,318,2025-01-01 16:53:00,24,1500,2500,Zomer (jun-aug),1,3,2,5,4,4,4,4,3,1,4,5,4,2,2,3,3,1,4,3,,true
319,319,2025-01-01 16:54:00,35,1000,3500,Zomer (jun-aug),3,3,2,4,5,4,5,5,5,3,5,4,5,3,1,4,2,4,5,4,,true
320,320,2025-01-01 16:55:00,24,0,2500,Zomer (jun-aug),3,1,5,2,2,2,4,4,3,5,3,1,1,5,2,4,3,1,5,3,,true
321,321,2025-01-01 16:56:00,30,2500,3000,Flexibel,4,2,5,1,5,1,3,3,4,2,4,2,5,4,1,2,4,3,4,5,,true
322,322,2025-01-01 16:57:00,29,500,2000,Zomer (jun-aug),5,5,4,3,1,2,4,5,3,3,1,3,3,5,1,5,4,2,4,3,,true
323,323,2025-01-01 16:58:00,46,3000,5000,Flexibel,4,1,4,4,1,5,2,5,5,4,3,2,2,2,3,3,4,3,4,2,,true
324,324,2025-01-01 16:59:00,29,5000,5000,Zomer (jun-aug),4,1,4,5,1,3,4,5,2,1,5,2,4,1,2,2,2,4,5,5,,true
325,325,2025-01-01 17:00:00,38,5000,5000,Zomer (jun-aug),4,1,3,3,4,1,3,2,4,2,5,4,4,2,3,2,5,3,3,3,,true
326,326,2025-01-01 17:01:00,47,0,2500,Flexibel,4,4,1,2,2,4,1,2,4,1,1,5,1,4,4,4,3,5,3,4,,true
327,327,2025-01-01 17:02:00,41,4500,4500,Winter (dec-feb),4,3,2,3,5,4,4,4,4,3,4,4,3,5,2,3,2,5,3,2,,true
328,328,2025-01-01 17:03:00,38,5000,5000,Flexibel,2,4,1,1,5,2,3,2,3,2,3,5,3,1,5,3,3,4,2,3,,true
329,329,2025-01-01 17:04:00,37,500,4000,Flexibel,1,3,1,2,5,2,4,4,2,2,4,2,1,5,1,3,1,5,2,2,,true
330,330,2025-01-01 17:05:00,30,2000,5000,Flexibel,5,2,1,2,1,1,5,5,5,5,2,3,2,3,2,1,3,4,4,4,,true
331,331,2025-01-01 17:06:00,29,5000,5000,Winter (dec-feb),4,4,2,5,5,4,5,4,2,4,2,3,2,1,5,2,2,5,3,3,,true
332,332,2025-01-01 17:07:00,18,3000,4500,Lente (mrt-mei),4,3,5,5,4,2,2,3,2,2,5,5,4,5,4,5,3,2,1,1,,true
333,333,2025-01-01 17:08:00,26,4000,4000,Winter (dec-feb),3,4,3,4,5,4,2,1,4,1,2,1,4,3,2,1,1,2,2,1,,true
334,334,2025-01-01 17:09:00,40,3500,4000,Flexibel,1,5,5,5,4,5,5,2,4,2,2,5,3,4,5,3,2,4,1,4,,true
335,335,2025-01-01 17:10:00,49,4000,5000,Herfst (sep-nov),1,3,5,3,2,1,4,5,3,5,2,5,1,1,5,1,2,4,4,5,,true
336,336,2025-01-01 17:11:00,37,5000,5000,Lente (mrt-mei),4,4,4,5,4,4,3,2,5,1,5,5,1,4,1,4,2,2,1,4,,true
337,337,2025-01-01 17:12:00,21,1000,4500,Flexibel,3,4,3,5,2,3,1,5,2,3,1,3,3,1,5,4,5,5,5,2,,true
338,338,2025-01-01 17:13:00,18,4500,5000,Lente (mrt-mei),3,4,1,3,2,4,5,5,4,2,5,3,4,5,4,5,5,2,4,3,,true
339,339,2025-01-01 17:14:00,34,1500,3000,Zomer (jun-aug),2,1,1,3,5,1,5,5,2,3,5,5,4,3,1,5,3,1,3,2,,true
340,340,2025-01-01 17:15:00,20,500,4500,Lente (mrt-mei),3,3,4,3,1,3,1,4,4,5,2,3,1,4,5,4,3,2,3,2,,true
341,341,2025-01-01 17:16:00,43,1000,1000,Herfst (sep-nov),2,5,1,4,2,1,3,3,1,4,5,4,1,1,5,3,2,4,2,1,,true
342,342,2025-01-01 17:17:00,44,3000,3000,Winter (dec-feb),1,2,1,4,2,3,1,3,2,1,1,2,2,3,5,5,3,2,5,2,,true
343,343,2025-01-01 17:18:00,36,2000,4500,Zomer (jun-aug),5,4,1,3,4,5,4,2,2,1,3,4,5,3,3,5,4,2,3,1,,true
344,344,2025-01-01 17:19:00,24,500,3000,Zomer (jun-aug),3,5,1,4,5,3,2,1,4,5,3,4,1,3,3,1,1,3,5,2,,true
345,345,2025-01-01 17:20:00,45,5000,5000,Flexibel,3,3,2,1,1,5,1,5,1,4,2,4,2,5,3,1,3,4,3,1,,true
346,346,2025-01-01 17:21:00,40,2000,2500,Winter (dec-feb),1,4,5,4,3,5,5,1,4,2,3,2,2,2,2,2,1,1,2,2,,true
347,347,2025-01-01 17:22:00,36,4000,4500,Zomer (jun-aug),2,1,1,1,2,4,3,4,2,2,1,1,4,5,4,5,3,2,1,1,,true
348,348,2025-01-01 17:23:00,18,3500,4500,Flexibel,5,1,1,3,2,2,5,5,3,2,3,2,1,4,4,2,3,2,4,5,,true
349,349,2025-01-01 17:24:00,18,2000,5000,Lente (mrt-mei),2,3,3,4,5,2,5,3,5,4,4,1,1,1,3,3,3,1,2,2,,true
350,350,2025-01-01 17:25:00,31,3000,4500,Winter (dec-feb),2,3,1,1,1,1,4,1,5,3,5,4,3,5,4,3,4,1,1,4,,true
351,351,2025-01-01 17:26:00,44,2000,2500,Herfst (sep-nov),5,5,3,4,5,1,5,3,3,4,3,2,4,3,2,3,5,4,2,5,,true
352,352,2025-01-01 17:27:00,18,4000,4000,Herfst (sep-nov),2,2,1,3,4,3,1,2,3,1,5,4,4,3,5,3,4,2,2,3,,true
353,353,2025-01-01 17:28:00,40,3500,4000,Lente (mrt-mei),3,5,2,3,1,2,2,3,2,4,4,1,3,2,4,3,5,1,4,3,,true
354,354,2025-01-01 17:29:00,28,1500,4000,Flexibel,4,1,1,2,3,4,1,2,1,2,1,4,2,1,4,3,2,5,1,2,,true
355,355,2025-01-01 17:30:00,50,2500,5000,Herfst (sep-nov),3,2,2,4,3,5,2,3,3,4,3,2,4,4,5,1,1,4,5,4,,true
356,356,2025-01-01 17:31:00,33,4500,4500,Lente (mrt-mei),2,2,4,1,5,3,2,4,3,2,5,1,4,1,3,5,1,4,1,1,,true
357,357,2025-01-01 17:32:00,36,3000,4000,Winter (dec-feb),3,5,2,5,5,4,1,2,3,4,4,2,4,5,2,3,5,2,3,4,,true
358,358,2025-01-01 17:33:00,36,500,2000,Herfst (sep-nov),3,1,1,4,1,1,1,5,2,2,1,4,2,1,2,2,1,3,1,5,,true
359,359,2025-01-01 17:34:00,49,2000,3500,Winter (dec-feb),3,5,3,3,5,2,2,1,2,2,2,5,1,3,1,5,5,2,2,2,,true
360,360,2025-01-01 17:35:00,19,500,500,Lente (mrt-mei),1,3,4,5,4,5,2,3,4,3,3,1,5,1,1,5,1,2,2,2,,true
361,361,2025-01-01 17:36:00,24,5000,5000,Lente (mrt-mei),2,1,2,2,3,5,1,1,1,3,4,5,1,5,3,4,3,2,2,2,,true
362,362,2025-01-01 17:37:00,45,2000,2500,Herfst (sep-nov),1,1,1,1,2,4,2,4,4,2,4,2,2,1,3,4,5,3,5,4,,true
363,363,2025-01-01 17:38:00,34,2500,5000,Lente (mrt-mei),4,1,2,5,3,2,1,4,4,4,4,1,2,5,2,1,3,3,3,1,,true
364,364,2025-01-01 17:39:00,28,1000,2500,Herfst (sep-nov),2,4,3,2,2,5,1,2,1,4,3,3,2,2,3,5,1,4,5,1,,true
365,365,2025-01-01 17:40:00,24,3000,3500,Lente (mrt-mei),3,1,5,4,2,3,3,1,5,5,1,3,3,4,3,3,1,4,2,3,,true
366,366,2025-01-01 17:41:00,34,0,2000,Flexibel,3,4,4,2,4,1,5,1,4,2,1,4,3,2,1,5,1,1,4,1,,true
367,367,2025-01-01 17:42:00,39,5000,5000,Flexibel,4,1,5,5,5,2,2,1,1,3,5,2,5,5,4,5,5,2,2,5,,true
368,368,2025-01-01 17:43:00,21,2000,4000,Flexibel,3,3,1,5,5,1,3,1,3,1,3,2,1,2,3,1,3,5,5,4,,true
369,369,2025-01-01 17:44:00,22,5000,5000,Herfst (sep-nov),1,1,3,1,3,5,5,5,4,4,3,3,4,3,1,4,2,3,5,1,,true
370,370,2025-01-01 17:45:00,48,2000,3000,Winter (dec-feb),4,5,3,1,5,1,3,2,3,1,2,4,1,2,4,3,3,1,2,2,,true
371,371,2025-01-01 17:46:00,22,1500,1500,Lente (mrt-mei),4,1,5,1,3,4,5,4,5,2,4,4,2,2,2,2,5,5,3,3,,true
372,372,2025-01-01 17:47:00,24,3500,3500,Herfst (sep-nov),5,2,4,2,5,4,5,1,2,2,1,2,5,5,5,4,3,1,1,5,,true
373,373,2025-01-01 17:48:00,43,4500,4500,Flexibel,1,4,3,3,5,1,3,2,3,5,3,3,4,5,5,3,2,1,4,5,,true
374,374,2025-01-01 17:49:00,33,3500,4000,Zomer (jun-aug),3,1,2,2,2,3,1,5,3,4,2,3,5,4,2,4,5,4,3,5,,true
375,375,2025-01-01 17:50:00,32,2000,5000,Lente (mrt-mei),4,5,5,2,1,2,4,4,3,4,3,4,3,3,4,5,4,5,1,4,,true
376,376,2025-01-01 17:51:00,27,4000,5000,Flexibel,2,4,1,1,4,4,2,4,1,2,3,5,3,3,5,1,3,1,1,2,,true
377,377,2025-01-01 17:52:00,42,2000,2000,Herfst (sep-nov),2,2,2,3,2,3,3,5,1,2,2,1,3,4,1,3,2,4,4,3,,true
378,378,2025-01-01 17:53:00,33,3500,4000,Winter (dec-feb),5,4,1,4,4,5,2,4,5,2,5,5,4,4,1,2,5,3,3,2,,true
379,379,2025-01-01 17:54:00,42,1000,2000,Winter (dec-feb),2,2,2,1,3,4,5,5,3,3,5,2,5,3,5,5,2,4,4,1,,true
380,380,2025-01-01 17:55:00,28,1500,4500,Winter (dec-feb),1,5,4,4,5,5,5,4,2,1,1,1,2,5,4,3,5,5,2,2,,true
381,381,2025-01-01 17:56:00,36,4000,5000,Winter (dec-feb),3,1,5,3,1,3,5,5,5,2,1,3,5,3,3,1,1,2,2,1,,true
382,382,2025-01-01 17:57:00,20,2000,2500,Winter (dec-feb),2,1,1,2,4,4,5,3,4,1,5,3,2,3,1,4,5,3,4,1,,true
383,383,2025-01-01 17:58:00,41,5000,5000,Zomer (jun-aug),1,1,4,4,5,3,4,3,2,2,2,2,2,3,3,1,5,5,4,3,,true
384,384,2025-01-01 17:59:00,22,3500,3500,Winter (dec-feb),2,3,2,4,3,4,2,1,1,5,5,2,1,2,4,1,4,2,3,3,,true
385,385,2025-01-01 18:00:00,22,3000,4500,Winter (dec-feb),2,2,1,4,3,1,4,4,2,1,5,3,4,1,3,2,5,3,1,3,,true
386,386,2025-01-01 18:01:00,29,5000,5000,Flexibel,2,4,2,2,3,3,1,4,3,3,4,3,4,1,3,3,4,3,5,5,,true
387,387,2025-01-01 18:02:00,18,0,0,Winter (dec-feb),2,3,4,2,2,2,4,4,2,2,2,4,5,5,4,4,2,3,3,2,,true
388,388,2025-01-01 18:03:00,25,4500,4500,Winter (dec-feb),1,4,5,5,1,5,1,5,2,3,1,4,1,5,3,3,4,4,4,1,,true
389,389,2025-01-01 18:04:00,50,3500,3500,Herfst (sep-nov),2,4,5,5,4,4,5,2,3,4,1,2,4,4,5,3,1,5,1,3,,true
390,390,2025-01-01 18:05:00,36,1500,1500,Flexibel,3,2,5,5,5,4,4,4,5,5,5,4,4,1,2,4,1,5,3,3,,true
391,391,2025-01-01 18:06:00,33,4000,5000,Lente (mrt-mei),5,4,2,1,4,5,5,1,2,4,1,2,1,5,5,1,1,3,1,4,,true
392,392,2025-01-01 18:07:00,19,1000,4500,Flexibel,4,1,3,1,3,3,5,2,5,2,2,1,3,5,5,2,4,1,1,2,,true
393,393,2025-01-01 18:08:00,24,3500,4500,Winter (dec-feb),1,3,3,3,4,2,4,4,3,1,3,4,4,1,1,3,1,3,1,3,,true
394,394,2025-01-01 18:09:00,28,4500,5000,Flexibel,2,1,2,2,1,1,1,3,1,1,4,5,5,5,1,1,3,1,5,5,,true
395,395,2025-01-01 18:10:00,19,3500,4500,Flexibel,5,1,3,1,5,4,3,4,1,5,4,2,2,3,5,5,4,2,4,5,,true
396,396,2025-01-01 18:11:00,36,4000,4500,Zomer (jun-aug),2,1,2,1,2,4,2,2,1,2,4,3,1,2,1,4,4,3,1,3,,true
397,397,2025-01-01 18:12:00,37,4500,4500,Herfst (sep-nov),5,5,5,2,3,3,1,4,2,3,2,3,3,4,2,5,3,1,4,2,,true
398,398,2025-01-01 18:13:00,27,4500,5000,Herfst (sep-nov),5,1,2,5,4,3,2,2,2,4,3,1,2,2,3,4,2,2,2,2,,true
399,399,2025-01-01 18:14:00,20,500,4000,Zomer (jun-aug),5,2,2,4,2,4,1,2,1,3,2,4,4,3,2,2,5,3,4,1,,true
400,400,2025-01-01 18:15:00,38,2000,4500,Flexibel,3,1,5,4,3,1,3,2,4,1,4,2,1,3,4,4,5,5,4,1,,true
401,401,2025-01-01 18:16:00,41,1000,2000,Flexibel,2,3,3,4,2,3,5,2,1,2,1,3,5,5,1,3,2,2,2,1,,true
402,402,2025-01-01 18:17:00,50,5000,5000,Flexibel,1,3,3,4,3,4,2,5,3,4,5,4,3,2,3,3,3,1,2,1,,true
403,403,2025-01-01 18:18:00,29,5000,5000,Flexibel,3,2,4,4,4,4,1,4,2,5,3,5,4,5,5,2,2,5,1,1,,true
404,404,2025-01-01 18:19:00,27,2500,2500,Flexibel,4,5,3,1,4,3,5,1,1,1,1,2,1,5,1,1,4,5,3,1,,true
405,405,2025-01-01 18:20:00,23,5000,5000,Herfst (sep-nov),2,4,3,1,5,1,1,1,5,5,1,4,2,5,3,1,3,3,2,1,,true
406,406,2025-01-01 18:21:00,32,500,2000,Herfst (sep-nov),1,5,1,4,1,3,2,5,2,5,5,1,2,1,5,2,3,1,5,4,,true
407,407,2025-01-01 18:22:00,19,2500,4500,Herfst (sep-nov),5,4,5,4,4,3,3,1,4,5,4,5,1,1,2,3,5,1,5,3,,true
408,408,2025-01-01 18:23:00,36,1500,3000,Flexibel,5,3,3,1,3,4,1,3,1,3,5,3,5,2,3,1,2,5,5,5,,true
409,409,2025-01-01 18:24:00,37,3500,5000,Herfst (sep-nov),2,2,5,1,4,4,4,4,2,1,3,5,2,1,1,2,3,5,1,5,,true
410,410,2025-01-01 18:25:00,44,4500,4500,Winter (dec-feb),4,5,5,5,1,3,4,4,5,2,3,2,3,1,2,2,4,5,3,1,,true
411,411,2025-01-01 18:26:00,46,2500,3000,Flexibel,5,2,4,1,5,5,1,1,3,1,4,2,4,1,1,4,2,1,3,3,,true
412,412,2025-01-01 18:27:00,32,1500,2500,Lente (mrt-mei),5,2,1,2,3,3,4,1,1,2,4,3,1,5,4,3,5,5,3,4,,true
413,413,2025-01-01 18:28:00,24,3000,5000,Winter (dec-feb),1,1,1,3,5,5,5,2,2,4,3,5,2,1,5,1,4,4,1,3,,true
414,414,2025-01-01 18:29:00,24,1500,5000,Flexibel,3,3,2,4,5,4,4,2,5,5,4,1,5,5,2,5,5,1,1,4,,true
415,415,2025-01-01 18:30:00,47,3000,4000,Flexibel,5,2,1,2,5,3,5,5,4,5,3,2,1,2,5,3,2,2,2,5,,true
416,416,2025-01-01 18:31:00,49,1500,2500,Flexibel,5,2,3,4,2,3,4,4,2,3,5,4,1,5,5,4,5,4,1,2,,true
417,417,2025-01-01 18:32:00,37,1500,4500,Flexibel,2,1,5,2,1,1,2,3,4,5,1,3,4,2,5,5,2,1,5,4,,true
418,418,2025-01-01 18:33:00,42,5000,5000,Herfst (sep-nov),2,1,4,3,1,2,1,5,1,2,5,4,4,3,4,2,4,2,3,2,,true
419,419,2025-01-01 18:34:00,36,3000,4500,Winter (dec-feb),2,4,2,3,3,4,1,5,2,3,1,3,5,1,3,5,2,3,4,2,,true
420,420,2025-01-01 18:35:00,19,5000,5000,Flexibel,5,4,3,2,5,3,5,5,2,4,4,1,4,3,5,4,3,3,4,5,,true
421,421,2025-01-01 18:36:00,19,0,500,Zomer (jun-aug),5,4,3,3,5,1,1,3,2,4,3,2,2,2,5,2,4,2,4,4,,true
422,422,2025-01-01 18:37:00,47,1500,2000,Flexibel,2,5,4,1,3,4,1,3,4,2,1,4,4,2,3,1,1,1,5,1,,true
423,423,2025-01-01 18:38:00,36,2500,5000,Lente (mrt-mei),4,4,3,4,3,2,1,1,1,5,1,3,3,4,4,1,4,1,3,1,,true
424,424,2025-01-01 18:39:00,25,2500,3000,Winter (dec-feb),1,1,1,2,2,5,3,4,5,5,3,4,1,4,4,1,1,2,2,1,,true
425,425,2025-01-01 18:40:00,35,4500,5000,Lente (mrt-mei),2,4,5,2,4,4,2,4,5,5,5,3,3,4,2,2,3,3,5,5,,true
426,426,2025-01-01 18:41:00,39,3000,5000,Winter (dec-feb),1,3,1,2,2,2,5,2,1,5,4,5,3,1,4,5,3,4,5,5,,true
427,427,2025-01-01 18:42:00,23,2500,4000,Herfst (sep-nov),2,1,2,1,3,1,2,2,5,5,1,2,5,2,1,3,3,4,1,1,,true
428,428,2025-01-01 18:43:00,40,500,5000,Winter (dec-feb),1,2,1,2,2,3,1,4,3,4,3,2,4,3,1,5,4,1,2,5,,true
429,429,2025-01-01 18:44:00,28,1500,1500,Winter (dec-feb),5,5,2,2,5,5,4,1,4,2,1,1,2,5,3,2,4,5,2,4,,true
430,430,2025-01-01 18:45:00,38,1500,2500,Zomer (jun-aug),5,3,5,1,1,1,1,2,2,3,3,5,4,1,5,5,5,4,1,4,,true
431,431,2025-01-01 18:46:00,45,2500,3500,Flexibel,5,5,5,1,2,3,5,4,5,1,1,2,1,2,2,5,3,2,3,3,,true
432,432,2025-01-01 18:47:00,44,1000,4500,Winter (dec-feb),1,2,1,2,2,5,5,5,3,5,1,3,5,4,2,4,1,2,2,3,,true
433,433,2025-01-01 18:48:00,36,1500,4500,Lente (mrt-mei),4,2,3,3,4,1,4,5,5,1,4,5,4,2,5,1,5,3,5,3,,true
434,434,2025-01-01 18:49:00,48,4000,4500,Flexibel,2,1,2,2,3,1,5,5,4,3,4,2,5,2,5,2,1,2,5,1,,true
435,435,2025-01-01 18:50:00,27,5000,5000,Flexibel,2,1,2,4,2,4,3,3,5,3,1,2,2,3,5,2,1,3,1,4,,true
436,436,2025-01-01 18:51:00,24,1000,3500,Flexibel,4,4,1,5,5,4,3,3,5,2,1,2,4,5,3,1,5,3,3,1,,true
437,437,2025-01-01 18:52:00,22,0,500,Lente (mrt-mei),4,4,2,3,4,2,5,1,1,1,1,5,3,5,2,3,5,5,4,5,,true
438,438,2025-01-01 18:53:00,43,500,2000,Flexibel,1,5,1,1,4,5,4,4,2,2,4,5,1,4,2,5,3,5,2,1,,true
439,439,2025-01-01 18:54:00,32,3000,5000,Lente (mrt-mei),5,2,4,5,4,4,3,4,1,5,5,3,1,3,3,2,3,2,1,5,,true
440,440,2025-01-01 18:55:00,35,5000,5000,Lente (mrt-mei),3,4,4,4,2,4,3,5,3,1,2,3,5,5,3,2,4,3,1,1,,true
441,441,2025-01-01 18:56:00,28,3500,4000,Herfst (sep-nov),2,5,2,1,5,3,3,1,3,5,4,2,3,5,3,5,3,2,1,3,,true
442,442,2025-01-01 18:57:00,19,1500,4500,Flexibel,3,2,2,5,3,5,2,5,4,3,5,5,1,1,3,2,2,3,1,1,,true
443,443,2025-01-01 18:58:00,26,4500,4500,Zomer (jun-aug),2,1,1,2,3,3,4,1,4,2,2,3,1,5,5,3,1,2,2,2,,true
444,444,2025-01-01 18:59:00,43,1500,2500,Flexibel,5,3,5,1,1,3,5,5,5,3,5,3,5,5,3,5,1,5,4,3,,true
445,445,2025-01-01 19:00:00,31,1000,5000,Zomer (jun-aug),2,4,4,3,3,2,4,4,4,2,5,1,3,5,3,2,3,3,4,3,,true
446,446,2025-01-01 19:01:00,30,1000,4000,Lente (mrt-mei),2,3,4,1,4,4,1,1,3,4,3,2,1,5,2,2,5,3,5,3,,true
447,447,2025-01-01 19:02:00,29,2500,3000,Herfst (sep-nov),2,4,2,5,2,1,5,4,4,4,3,5,2,2,4,4,3,4,5,1,,true
448,448,2025-01-01 19:03:00,28,2000,3500,Herfst (sep-nov),5,1,1,2,3,5,4,1,5,3,4,4,5,4,3,2,2,2,3,1,,true
449,449,2025-01-01 19:04:00,22,1500,2000,Winter (dec-feb),5,3,3,2,1,5,3,5,3,5,1,3,1,5,4,1,4,3,4,1,,true
450,450,2025-01-01 19:05:00,23,500,3500,Flexibel,1,3,3,2,5,2,2,3,3,2,2,4,5,2,2,3,2,1,1,3,,true
451,451,2025-01-01 19:06:00,18,2500,4000,Lente (mrt-mei),4,3,4,1,3,1,5,4,1,3,3,3,5,3,4,4,4,4,4,2,,true
452,452,2025-01-01 19:07:00,32,1000,3500,Flexibel,5,4,1,3,3,5,5,1,5,4,1,4,1,1,4,5,3,3,2,4,,true
453,453,2025-01-01 19:08:00,21,500,1500,Herfst (sep-nov),5,5,5,4,3,2,2,3,2,5,3,4,4,4,2,4,1,4,3,4,,true
454,454,2025-01-01 19:09:00,25,1000,5000,Winter (dec-feb),1,5,1,1,3,2,2,2,2,2,1,5,4,1,4,1,3,3,3,2,,true
455,455,2025-01-01 19:10:00,44,1500,2500,Flexibel,4,5,5,5,5,2,3,4,3,4,2,3,5,2,5,5,2,3,3,3,,true
456,456,2025-01-01 19:11:00,20,500,3000,Zomer (jun-aug),5,4,1,5,2,5,2,5,3,5,1,3,3,2,2,3,5,2,2,4,,true
457,457,2025-01-01 19:12:00,40,4500,5000,Zomer (jun-aug),4,3,4,1,3,3,2,4,5,5,4,2,2,5,1,3,4,3,3,4,,true
458,458,2025-01-01 19:13:00,41,1500,5000,Flexibel,2,2,4,4,5,5,5,1,3,5,3,1,3,4,3,1,4,2,3,2,,true
459,459,2025-01-01 19:14:00,24,2500,5000,Lente (mrt-mei),3,5,3,1,2,5,1,4,5,1,3,4,5,5,3,3,4,5,3,1,,true
460,460,2025-01-01 19:15:00,39,4500,5000,Herfst (sep-nov),3,2,3,5,5,1,5,3,5,5,5,2,3,4,3,2,1,5,2,1,,true
461,461,2025-01-01 19:16:00,22,2000,5000,Zomer (jun-aug),4,5,3,3,2,3,2,2,3,2,2,2,2,4,4,2,3,1,4,4,,true
462,462,2025-01-01 19:17:00,40,1000,1500,Flexibel,2,3,5,3,4,2,2,1,3,2,1,4,1,2,4,4,2,5,5,4,,true
463,463,2025-01-01 19:18:00,19,4000,4000,Lente (mrt-mei),3,3,1,1,3,5,4,2,2,2,5,3,5,3,1,4,4,2,1,1,,true
464,464,2025-01-01 19:19:00,24,3000,3500,Flexibel,4,3,4,5,5,2,2,5,4,4,1,4,2,3,4,3,1,4,4,5,,true
465,465,2025-01-01 19:20:00,42,4000,4500,Lente (mrt-mei),4,3,4,3,3,3,3,5,2,4,3,4,5,4,4,3,4,4,5,3,,true
466,466,2025-01-01 19:21:00,30,3500,4500,Herfst (sep-nov),1,1,1,5,4,2,5,2,1,4,4,4,3,5,5,1,1,3,2,4,,true
467,467,2025-01-01 19:22:00,29,2000,4500,Lente (mrt-mei),1,2,2,3,2,4,1,2,2,1,3,4,1,2,1,5,2,1,5,2,,true
468,468,2025-01-01 19:23:00,37,1500,2500,Zomer (jun-aug),4,5,2,1,5,3,5,5,3,4,5,3,5,3,5,3,1,1,4,5,,true
469,469,2025-01-01 19:24:00,27,500,2000,Flexibel,4,1,3,2,1,1,4,1,2,2,5,3,2,1,2,1,2,2,5,2,,true
470,470,2025-01-01 19:25:00,39,4000,4000,Zomer (jun-aug),2,5,1,3,5,3,1,3,4,4,4,1,1,2,4,1,5,4,1,1,,true
471,471,2025-01-01 19:26:00,22,5000,5000,Flexibel,2,1,1,5,4,2,4,2,5,5,1,3,3,5,2,3,3,5,5,5,,true
472,472,2025-01-01 19:27:00,20,0,2000,Lente (mrt-mei),3,4,2,3,3,5,1,1,3,2,4,3,5,1,3,2,3,5,5,3,,true
473,473,2025-01-01 19:28:00,27,500,2000,Lente (mrt-mei),1,4,1,5,1,4,1,2,1,1,3,2,4,3,2,2,2,4,5,3,,true
474,474,2025-01-01 19:29:00,27,0,1500,Herfst (sep-nov),3,3,2,3,4,2,4,4,1,2,4,5,4,4,1,5,4,2,2,1,,true
475,475,2025-01-01 19:30:00,34,5000,5000,Flexibel,2,3,4,5,5,4,5,1,1,3,4,5,5,2,1,2,5,2,3,5,,true
476,476,2025-01-01 19:31:00,31,3000,4500,Zomer (jun-aug),2,3,1,4,4,1,3,5,5,3,1,5,5,2,1,1,4,2,1,5,,true
477,477,2025-01-01 19:32:00,27,0,5000,Flexibel,3,4,1,2,2,5,1,5,4,2,1,4,4,1,3,5,2,2,4,4,,true
478,478,2025-01-01 19:33:00,29,4000,5000,Winter (dec-feb),5,2,3,5,4,5,1,2,3,1,4,3,3,2,2,2,5,2,1,1,,true
479,479,2025-01-01 19:34:00,29,500,3500,Herfst (sep-nov),1,2,1,2,1,3,4,2,4,1,3,4,1,3,5,4,3,4,1,4,,true
480,480,2025-01-01 19:35:00,31,2000,5000,Flexibel,1,1,1,3,3,5,4,1,3,3,4,1,2,1,1,1,2,3,4,1,,true
481,481,2025-01-01 19:36:00,23,1000,2000,Flexibel,5,5,2,4,3,3,2,2,3,1,5,1,5,4,5,5,2,3,5,3,,true
482,482,2025-01-01 19:37:00,22,1500,2000,Flexibel,4,3,1,5,2,3,2,1,1,3,2,5,4,3,1,1,1,4,1,3,,true
483,483,2025-01-01 19:38:00,30,1000,4000,Flexibel,2,4,5,5,5,2,1,1,5,1,3,1,1,2,3,4,4,4,3,1,,true
484,484,2025-01-01 19:39:00,40,4500,4500,Zomer (jun-aug),2,1,5,3,3,2,3,2,4,5,4,4,1,5,1,3,3,5,5,1,,true
485,485,2025-01-01 19:40:00,30,500,4000,Zomer (jun-aug),3,3,4,5,2,3,1,5,4,5,4,5,1,5,4,4,4,5,1,1,,true
486,486,2025-01-01 19:41:00,37,5000,5000,Flexibel,2,4,2,5,1,1,3,3,2,4,5,3,2,1,3,1,3,4,1,2,,true
487,487,2025-01-01 19:42:00,28,3500,5000,Zomer (jun-aug),5,2,4,2,1,2,3,3,2,4,4,5,3,2,4,4,4,4,2,4,,true
488,488,2025-01-01 19:43:00,26,2000,5000,Herfst (sep-nov),3,3,1,3,5,5,2,3,5,2,2,3,2,4,3,1,2,2,1,2,,true
489,489,2025-01-01 19:44:00,42,500,3500,Zomer (jun-aug),1,2,2,4,2,4,1,3,2,4,4,2,3,3,3,2,2,3,2,4,,true
490,490,2025-01-01 19:45:00,21,0,5000,Zomer (jun-aug),3,4,1,3,1,1,5,4,2,2,4,2,4,5,4,2,2,5,3,2,,true
491,491,2025-01-01 19:46:00,34,1500,5000,Flexibel,4,3,3,1,2,5,1,3,1,2,1,1,1,3,1,5,2,5,3,3,,true
492,492,2025-01-01 19:47:00,43,1000,3500,Winter (dec-feb),3,4,2,5,1,3,4,4,4,1,2,4,3,3,5,5,3,3,1,1,,true
493,493,2025-01-01 19:48:00,49,3500,4500,Flexibel,3,5,4,3,4,5,3,4,5,2,4,4,3,4,4,4,4,2,2,1,,true
494,494,2025-01-01 19:49:00,36,0,4000,Lente (mrt-mei),3,4,5,1,1,3,3,3,4,3,2,1,2,2,5,2,4,2,3,4,,true
495,495,2025-01-01 19:50:00,27,4000,4000,Winter (dec-feb),4,4,2,1,4,2,1,1,2,5,4,2,4,4,5,3,5,5,5,5,,true
496,496,2025-01-01 19:51:00,25,500,2000,Lente (mrt-mei),2,1,2,2,2,5,1,4,3,5,1,5,2,3,5,4,5,3,2,3,,true
497,497,2025-01-01 19:52:00,39,3500,3500,Lente (mrt-mei),4,1,3,5,2,3,5,3,5,4,5,1,5,4,4,5,2,2,5,5,,true
498,498,2025-01-01 19:53:00,21,500,2000,Lente (mrt-mei),4,2,5,5,4,3,3,3,1,2,1,1,1,4,3,2,4,5,2,3,,true
499,499,2025-01-01 19:54:00,30,0,3500,Lente (mrt-mei),2,2,1,3,4,2,3,5,2,4,1,1,3,3,1,4,3,3,4,3,,true
500,500,2025-01-01 19:55:00,23,2000,3000,Herfst (sep-nov),3,4,1,1,5,5,4,4,1,3,2,2,5,3,1,3,2,5,3,4,,true
501,501,2025-01-01 19:56:00,39,3500,3500,Flexibel,1,1,2,3,1,5,4,3,2,4,5,4,1,3,1,3,1,1,3,5,,true
502,502,2025-01-01 19:57:00,28,500,500,Flexibel,4,4,4,2,1,5,5,5,3,3,4,1,2,1,4,1,5,4,1,1,,true
503,503,2025-01-01 19:58:00,34,4000,5000,Herfst (sep-nov),5,2,2,4,1,1,3,3,5,2,2,2,3,2,3,2,4,4,1,4,,true
504,504,2025-01-01 19:59:00,50,3000,3000,Herfst (sep-nov),3,4,2,1,4,1,4,1,5,5,2,4,3,3,1,5,4,5,1,2,,true
505,505,2025-01-01 20:00:00,49,0,3000,Lente (mrt-mei),1,5,3,3,4,5,1,2,3,1,3,5,4,3,3,4,4,5,4,5,,true
506,506,2025-01-01 20:01:00,45,3500,4500,Flexibel,5,3,3,5,3,4,3,2,3,4,3,2,5,4,1,2,3,1,3,2,,true
507,507,2025-01-01 20:02:00,44,0,0,Zomer (jun-aug),3,5,5,3,5,3,2,2,4,1,4,5,2,2,1,2,3,3,5,3,,true
508,508,2025-01-01 20:03:00,20,3000,3000,Flexibel,3,3,3,4,5,3,1,1,3,4,4,5,4,4,5,2,4,4,2,5,,true
509,509,2025-01-01 20:04:00,46,1000,3000,Flexibel,4,2,1,1,3,2,1,3,1,2,5,5,2,2,3,2,5,1,5,3,,true
510,510,2025-01-01 20:05:00,41,4500,5000,Herfst (sep-nov),5,5,1,2,4,2,3,2,1,5,5,2,5,1,3,2,1,3,4,5,,true
511,511,2025-01-01 20:06:00,23,5000,5000,Winter (dec-feb),5,5,3,1,2,3,3,4,2,5,1,3,5,1,3,5,5,4,5,1,,true
512,512,2025-01-01 20:07:00,38,2000,5000,Flexibel,4,4,4,1,1,4,2,1,4,2,2,4,2,3,5,5,5,4,4,1,,true
513,513,2025-01-01 20:08:00,19,3500,5000,Zomer (jun-aug),1,1,2,1,2,1,4,3,1,3,2,3,3,4,5,1,4,4,2,2,,true
514,514,2025-01-01 20:09:00,48,5000,5000,Zomer (jun-aug),3,3,3,3,4,4,2,1,5,4,1,2,4,5,3,3,1,5,3,3,,true
515,515,2025-01-01 20:10:00,38,500,1500,Winter (dec-feb),3,4,1,4,1,2,5,2,5,5,2,4,4,5,1,5,3,4,2,2,,true
516,516,2025-01-01 20:11:00,49,4500,4500,Flexibel,3,3,3,2,5,4,4,5,2,5,2,5,4,1,2,3,1,5,3,1,,true
517,517,2025-01-01 20:12:00,46,2000,5000,Zomer (jun-aug),1,3,1,2,3,4,2,2,2,2,5,2,2,5,2,3,5,1,3,3,,true
518,518,2025-01-01 20:13:00,33,0,3000,Flexibel,1,4,4,4,5,1,2,2,3,5,3,4,3,5,4,3,3,4,4,1,,true
519,519,2025-01-01 20:14:00,18,5000,5000,Zomer (jun-aug),2,1,4,4,4,1,5,4,3,2,5,1,4,2,3,1,3,3,4,3,,true
520,520,2025-01-01 20:15:00,24,5000,5000,Flexibel,1,4,2,5,4,1,2,3,4,5,5,3,1,3,4,4,3,2,2,2,,true
521,521,2025-01-01 20:16:00,43,0,500,Winter (dec-feb),1,4,4,1,5,5,3,2,3,4,2,1,2,4,3,1,1,5,5,5,,true
522,522,2025-01-01 20:17:00,47,4500,4500,Lente (mrt-mei),2,5,5,1,3,1,4,2,5,5,1,2,3,3,5,4,4,3,4,5,,true
523,523,2025-01-01 20:18:00,31,2000,2500,Herfst (sep-nov),1,1,3,3,5,1,4,2,2,1,1,1,2,5,4,1,3,3,4,2,,true
524,524,2025-01-01 20:19:00,43,2000,4000,Flexibel,5,3,3,2,5,2,4,4,4,4,2,1,4,1,3,4,3,1,4,2,,true
526,526,2025-12-03 15:13:15.224123,55,6000,15000,Lente (mrt-mei),4,1,1,5,2,5,5,5,5,2,3,3,5,3,5,2,2,2,3,1,,true
527,527,2025-12-03 15:16:34.658563,60,7000,20000,Lente (mrt-mei),1,4,2,5,2,5,5,4,5,1,3,3,4,3,4,1,1,2,3,1,,true
528,528,2025-12-03 18:30:53.186201,55,500,2000,Winter (dec-feb),5,5,1,5,5,5,5,1,1,5,3,3,2,3,4,5,5,2,3,4,,true
529,529,2025-12-06 15:53:18.59131,20,1000,2000,Flexibel,2,5,1,4,2,5,3,3,5,2,3,3,3,3,5,1,1,2,3,1,,true
530,530,2025-12-06 15:55:37.557218,22,1000,3000,Flexibel,3,2,2,4,3,3,3,3,3,3,3,3,3,3,4,3,2,3,3,3,,true
531,531,2025-12-06 15:58:33.166106,52,2000,10000,Flexibel,3,3,5,3,3,5,5,2,4,4,3,3,4,3,3,1,2,3,3,2,,true
532,532,2025-12-06 16:01:57.154612,51,1000,5000,Flexibel,1,5,3,2,2,5,3,3,5,1,3,3,2,3,5,1,1,1,3,2,,true
533,533,2025-12-08 09:34:16.886729,34,500,2500,"Zomer (jun-aug), Flexibel",4,5,5,1,4,4,4,1,5,4,3,3,2,3,2,1,2,4,3,1,,true
534,534,2025-12-09 11:54:01.943496,37,500,4000,"Zomer (jun-aug), Flexibel",4,2,4,5,5,3,4,4,4,5,3,3,4,3,2,5,3,5,3,5,,true